acceleration_x.mean,velocity_x.mean,position_x.mean,acceleration_z.mean,velocity_z.mean,position_z.mean
0.00187624,0,0,0.005314509,0,0
0.000523361,0,0,0.004420563,0,0
-0.000829518,0,0,0.003526617,0,0
-0.002182397,0,0,0.002632671,0,0
-0.003535276,0,0,0.001738725,0,0
-0.004888155,0,0,0.000844779,0,0
-0.006241034,0,0,-4.92E-05,0,0
-0.006283214,0,0,-5.74E-05,0,0
-0.006325394,0,0,-6.56E-05,0,0
-0.006367574,0,0,-7.38E-05,0,0
-0.006409754,0,0,-8.20E-05,0,0
-0.006451935,0,0,-9.01E-05,0,0
-0.005366113,0,0,0.000198938,0,0
-0.004280292,0,0,0.000488024,0,0
-0.003194471,0,0,0.000777109,0,0
-0.00210865,0,0,0.001066195,0,0
-0.001022828,0,0,0.001355281,0,0
6.30E-05,0,0,0.001644366,0,0
-0.000649064,0,0,0.000576063,0,0
-0.001361121,0,0,-0.00049224,0,0
-0.002073178,0,0,-0.001560543,0,0
-0.002785235,0,0,-0.002628846,0,0
-0.003497292,0,0,-0.003697149,0,0
-0.004209349,0,0,-0.004765452,0,0
-0.005027196,0,0,-0.004467808,0,0
-0.005845043,0,0,-0.004170163,0,0
-0.006662889,0,0,-0.003872518,0,0
-0.007480736,0,0,-0.003574873,0,0
-0.008298583,0,0,-0.003277228,0,0
-0.00911643,0,0,-0.002979583,0,0
-0.008197909,0,0,-0.001848888,0,0
-0.007279388,0,0,-0.000718192,0,0
-0.006360867,0,0,0.000412504,0,0
-0.005442346,0,0,0.001543199,0,0
-0.00425552,0,0,0.00086522,0,0
-0.003068694,0,0,0.00018724,0,0
-0.001881868,0,0,-0.00049074,0,0
-0.000695042,0,0,-0.001168719,0,0
0.000491784,0,0,-0.001846699,0,0
0.00167861,0,0,-0.002524678,0,0
0.000566076,0,0,-0.001111189,0,0
-0.000546459,0,0,0.000302301,0,0
-0.001658994,0,0,0.001715791,0,0
-0.002771529,0,0,0.00312928,0,0
-0.003884064,0,0,0.00454277,0,0
-0.00381176,0,0,0.00377558,0,0
-0.003739456,0,0,0.003008391,0,0
-0.003667152,0,0,0.002241201,0,0
-0.003594848,0,0,0.001474011,0,0
-0.003522544,0,0,0.000706822,0,0
-0.00345024,0,0,-6.04E-05,0,0
-0.003377936,0,0,-0.000827557,0,0
-0.003558978,0,0,-0.000838195,0,0
-0.003740019,0,0,-0.000848833,0,0
-0.003921061,0,0,-0.00085947,0,0
-0.004102103,0,0,-0.000870108,0,0
-0.004283144,0,0,-0.000880745,0,0
-0.004464186,0,0,-0.000891383,0,0
-0.004275502,0,0,0.000178392,0,0
-0.004086818,0,0,0.001248167,0,0
-0.003898134,0,0,0.002317942,0,0
-0.00370945,0,0,0.003387716,0,0
-0.003993535,0,0,0.002968262,0,0
-0.004277619,0,0,0.002548808,0,0
-0.004561704,0,0,0.002129354,0,0
-0.004845789,0,0,0.001709899,0,0
-0.005129873,0,0,0.001290445,0,0
-0.005413958,0,0,0.000870991,0,0
-0.005698043,0,0,0.000451537,0,0
-0.005029753,0,0,0.000413269,0,0
-0.004361463,0,0,0.000375001,0,0
-0.003693173,0,0,0.000336733,0,0
-0.003024883,0,0,0.000298465,0,0
-0.002356594,0,0,0.000260197,0,0
-0.001688304,0,0,0.000221929,0,0
-0.000800391,0,0,0.000874998,0,0
8.75E-05,0,0,0.001528066,0,0
0.000975434,0,0,0.002181135,0,0
0.001863347,0,0,0.002834203,0,0
0.00275126,0,0,0.003487272,0,0
0.000959573,0,0,0.00324204,0,0
-0.000832114,0,0,0.002996808,0,0
-0.002623801,0,0,0.002751576,0,0
-0.004415488,0,0,0.002506344,0,0
-0.006207175,0,0,0.002261112,0,0
-0.007998861,0,0,0.00201588,0,0
-0.007486579,0,0,0.001741651,0,0
-0.006974297,0,0,0.001467422,0,0
-0.006462015,0,0,0.001193193,0,0
-0.005949733,0,0,0.000918964,0,0
-0.005437451,0,0,0.000644736,0,0
-0.004925169,0,0,0.000370507,0,0
-0.004412887,0,0,9.63E-05,0,0
-0.004044119,0,0,0.002519395,0,0
-0.003675351,0,0,0.004942511,0,0
-0.003306583,0,0,0.007365628,0,0
-0.002937815,0,0,0.009788744,0,0
-0.002512159,0,0,0.008752438,0,0
-0.002086504,0,0,0.007716132,0,0
-0.001660849,0,0,0.006679826,0,0
-0.001235193,0,0,0.00564352,0,0
-0.000809538,0,0,0.004607214,0,0
-0.000383883,0,0,0.003570908,0,0
4.18E-05,0,0,0.002534602,0,0
-0.000591746,0,0,0.00197373,0,0
-0.001225265,0,0,0.001412857,0,0
-0.001858784,0,0,0.000851985,0,0
-0.002492303,0,0,0.000291113,0,0
-0.001819363,0,0,0.001335464,0,0
-0.001146424,0,0,0.002379816,0,0
-0.000473485,0,0,0.003424167,0,0
0.000199454,0,0,0.004468519,0,0
0.000872393,0,0,0.00551287,0,0
0.001545332,0,0,0.006557222,0,0
0.002218271,0,0,0.007601574,0,0
-0.000226958,0,0,0.005229899,0,0
-0.002672188,0,0,0.002858224,0,0
-0.005117417,0,0,0.00048655,0,0
-0.007562647,0,0,-0.001885125,0,0
-0.006222011,0,0,-0.001423498,0,0
-0.004881375,0,0,-0.000961871,0,0
-0.003540739,0,0,-0.000500244,0,0
-0.002200103,0,0,-3.86E-05,0,0
-0.000859467,0,0,0.00042301,0,0
0.000481169,0,0,0.000884637,0,0
0.001821805,0,0,0.001346264,0,0
-0.00069884,0,0,0.00111329,0,0
-0.003219484,0,0,0.000880316,0,0
-0.005740129,0,0,0.000647342,0,0
-0.008260773,0,0,0.000414368,0,0
-0.007114103,0,0,0.001024552,0,0
-0.005967433,0,0,0.001634736,0,0
-0.004820763,0,0,0.002244919,0,0
-0.003674092,0,0,0.002855103,0,0
-0.002527422,0,0,0.003465287,0,0
-0.001380752,0,0,0.00407547,0,0
-0.000234081,0,0,0.004685654,0,0
-0.000857573,0,0,0.0044906,0,0
-0.001481064,0,0,0.004295545,0,0
-0.002104555,0,0,0.004100491,0,0
-0.002728046,0,0,0.003905437,0,0
-0.002049348,0,0,0.003782939,0,0
-0.001370649,0,0,0.00366044,0,0
-0.00069195,0,0,0.003537942,0,0
-1.33E-05,0,0,0.003415444,0,0
0.000665448,0,0,0.003292946,0,0
0.001344147,0,0,0.003170448,0,0
0.001274025,0,0,0.00335652,0,0
0.001203903,0,0,0.003542592,0,0
0.001133781,0,0,0.003728664,0,0
0.001063659,0,0,0.003914736,0,0
0.000993538,0,0,0.004100808,0,0
-0.000327312,0,0,0.003560446,0,0
-0.001648163,0,0,0.003020084,0,0
-0.002969013,0,0,0.002479722,0,0
-0.004289863,0,0,0.001939359,0,0
-0.005610713,0,0,0.001398997,0,0
-0.006931563,0,0,0.000858635,0,0
-0.008252413,0,0,0.000318273,0,0
-0.006865333,0,0,0.000653264,0,0
-0.005478253,0,0,0.000988255,0,0
-0.004091174,0,0,0.001323247,0,0
-0.002704094,0,0,0.001658238,0,0
-0.001317014,0,0,0.001993229,0,0
7.01E-05,0,0,0.00232822,0,0
-0.001950224,0,0,0.001438349,0,0
-0.003970514,0,0,0.000548478,0,0
-0.005990804,0,0,-0.000341393,0,0
-0.008011093,0,0,-0.001231264,0,0
-0.006619242,0,0,-0.000501113,0,0
-0.005227391,0,0,0.000229037,0,0
-0.00383554,0,0,0.000959188,0,0
-0.00244369,0,0,0.001689339,0,0
-0.001051839,0,0,0.002419489,0,0
0.000340012,0,0,0.00314964,0,0
0.000240927,0,0,0.002350764,0,0
0.000141841,0,0,0.001551888,0,0
4.28E-05,0,0,0.000753012,0,0
-5.63E-05,0,0,-4.59E-05,0,0
-0.000155415,0,0,-0.000844739,0,0
-0.000335364,0,0,-0.000305778,0,0
-0.000515313,0,0,0.000233183,0,0
-0.000695263,0,0,0.000772144,0,0
-0.000875212,0,0,0.001311105,0,0
-0.001055161,0,0,0.001850067,0,0
-0.00123511,0,0,0.002389028,0,0
-0.000742939,0,0,0.001536919,0,0
-0.000250769,0,0,0.00068481,0,0
0.000241402,0,0,-0.000167299,0,0
0.000733573,0,0,-0.001019408,0,0
0.001225744,0,0,-0.001871517,0,0
0.001717915,0,0,-0.002723625,0,0
0.001614753,0,0,-0.002342017,0,0
0.001511592,0,0,-0.001960409,0,0
0.00140843,0,0,-0.0015788,0,0
0.001305268,0,0,-0.001197192,0,0
0.001202107,0,0,-0.000815583,0,0
0.001098945,0,0,-0.000433975,0,0
-0.000749198,0,0,-0.000546241,0,0
-0.002597342,0,0,-0.000658507,0,0
-0.004445485,0,0,-0.000770773,0,0
-0.006293629,0,0,-0.000883039,0,0
-0.008141772,0,0,-0.000995305,0,0
-0.009989915,0,0,-0.001107571,0,0
-0.006710438,0,0,-0.000439219,0,0
-0.00343096,0,0,0.000229134,0,0
-0.000151483,0,0,0.000897487,0,0
0.003127995,0,0,0.001565839,0,0
0.00211634,0,0,0.001564375,0,0
0.001104686,0,0,0.00156291,0,0
9.30E-05,0,0,0.001561446,0,0
-0.000918623,0,0,0.001559981,0,0
-0.001930277,0,0,0.001558517,0,0
-0.002941932,0,0,0.001557052,0,0
-0.00262018,0,0,0.001564644,0,0
-0.002298429,0,0,0.001572236,0,0
-0.001976677,0,0,0.001579827,0,0
-0.001654926,0,0,0.001587419,0,0
-0.001333174,0,0,0.001595011,0,0
-0.001011423,0,0,0.001602603,0,0
-0.000689671,0,0,0.001610194,0,0
-0.001467876,0,0,0.002389654,0,0
-0.002246081,0,0,0.003169115,0,0
-0.003024286,0,0,0.003948575,0,0
-0.003802491,0,0,0.004728035,0,0
-0.004580696,0,0,0.005507496,0,0
-0.005358901,0,0,0.006286956,0,0
-0.004595482,0,0,0.006053409,0,0
-0.003832063,0,0,0.005819863,0,0
-0.003068644,0,0,0.005586316,0,0
-0.002305225,0,0,0.00535277,0,0
-0.001541806,0,0,0.005119223,0,0
-0.000778387,0,0,0.004885676,0,0
-0.000981341,0,0,0.005949794,0,0
-0.001184295,0,0,0.007013912,0,0
-0.001387249,0,0,0.00807803,0,0
-0.001590203,0,0,0.009142148,0,0
-0.001793157,0,0,0.010206266,0,0
-0.001364805,0,0,0.007583503,0,0
-0.000936453,0,0,0.00496074,0,0
-0.000508102,0,0,0.002337977,0,0
-7.97E-05,0,0,-0.000284786,0,0
-0.000721353,0,0,-7.41E-05,0,0
-0.001362956,0,0,0.000136581,0,0
-0.002004558,0,0,0.000347265,0,0
-0.002646161,0,0,0.000557948,0,0
-0.003287764,0,0,0.000768632,0,0
-0.003929367,0,0,0.000979315,0,0
-0.00457097,0,0,0.001189999,0,0
-0.004383808,0,0,0.001929522,0,0
-0.004196646,0,0,0.002669044,0,0
-0.004009485,0,0,0.003408567,0,0
-0.003822323,0,0,0.004148089,0,0
-0.003635161,0,0,0.004887612,0,0
-0.003447999,0,0,0.005627134,0,0
-0.003349617,0,0,0.00411598,0,0
-0.003251235,0,0,0.002604826,0,0
-0.003152853,0,0,0.001093671,0,0
-0.003054471,0,0,-0.000417483,0,0
-0.002956089,0,0,-0.001928638,0,0
-0.004434524,0,0,-0.001314516,0,0
-0.005912958,0,0,-0.000700394,0,0
-0.007391393,0,0,-8.63E-05,0,0
-0.008869827,0,0,0.00052785,0,0
-0.010348261,0,0,0.001141972,0,0
-0.011826696,0,0,0.001756094,0,0
-0.010581323,0,0,0.00170895,0,0
-0.00933595,0,0,0.001661806,0,0
-0.008090578,0,0,0.001614662,0,0
-0.006845205,0,0,0.001567518,0,0
-0.005599832,0,0,0.001520374,0,0
-0.00435446,0,0,0.00147323,0,0
-0.003109087,0,0,0.001426086,0,0
-0.002666809,0,0,0.000834468,0,0
-0.00222453,0,0,0.00024285,0,0
-0.001782252,0,0,-0.000348768,0,0
-0.001339973,0,0,-0.000940386,0,0
-0.001514042,0,0,0.000358365,0,0
-0.001688112,0,0,0.001657117,0,0
-0.001862181,0,0,0.002955869,0,0
-0.00203625,0,0,0.004254621,0,0
-0.002606384,0,0,0.003918529,0,0
-0.003176517,0,0,0.003582437,0,0
-0.003746651,0,0,0.003246345,0,0
-0.004316785,0,0,0.002910253,0,0
-0.004886919,0,0,0.002574161,0,0
-0.005457053,0,0,0.002238069,0,0
-0.006027186,0,0,0.001901977,0,0
-0.005465846,0,0,0.001688722,0,0
-0.004904505,0,0,0.001475466,0,0
-0.004343164,0,0,0.001262211,0,0
-0.003781823,0,0,0.001048955,0,0
-0.003220483,0,0,0.000835699,0,0
-0.002659142,0,0,0.000622444,0,0
-0.002097801,0,0,0.000409188,0,0
-0.002418963,-7.81E-05,-6.01E-06,-1.08E-05,-9.47E-05,-8.41E-06
-0.002740125,-0.000156189,-1.20E-05,-0.000430801,-0.000189475,-1.68E-05
-0.003061287,-0.000234283,-1.80E-05,-0.000850796,-0.000284213,-2.52E-05
-0.003382449,-0.000312378,-2.41E-05,-0.001270791,-0.000378951,-3.37E-05
-0.002820318,-0.000377117,-3.68E-05,-0.000776504,-0.000360406,-3.95E-05
-0.002258188,-0.000441855,-4.95E-05,-0.000282217,-0.000341861,-4.54E-05
-0.001696057,-0.000506594,-6.22E-05,0.00021207,-0.000323316,-5.13E-05
-0.001133926,-0.000571333,-7.49E-05,0.000706357,-0.000304771,-5.72E-05
-0.000571796,-0.000636071,-8.76E-05,0.001200644,-0.000286227,-6.30E-05
-9.66E-06,-0.00070081,-0.000100261,0.001694931,-0.000267682,-6.89E-05
-9.37E-05,-0.000714748,-0.000109399,0.002772196,-0.000209787,-6.94E-05
-0.000177802,-0.000728686,-0.000118536,0.003849461,-0.000151892,-7.00E-05
-0.00026187,-0.000742623,-0.000127674,0.004926725,-9.40E-05,-7.05E-05
-0.000345939,-0.000756561,-0.000136811,0.00600399,-3.61E-05,-7.11E-05
-0.000430008,-0.000770499,-0.000145949,0.007081254,2.18E-05,-7.16E-05
-0.000514076,-0.000784437,-0.000155086,0.008158519,7.97E-05,-7.21E-05
-0.000598145,-0.000798375,-0.000164224,0.009235783,0.000137582,-7.27E-05
-0.000771433,-0.000736827,-0.0001798,0.007443176,0.000145716,-6.84E-05
-0.000944721,-0.00067528,-0.000195375,0.005650569,0.000153851,-6.41E-05
-0.001118009,-0.000613733,-0.000210951,0.003857962,0.000161985,-5.98E-05
-0.001291297,-0.000552186,-0.000226527,0.002065354,0.00017012,-5.55E-05
-0.001145556,-0.000613655,-0.000245304,0.001271074,0.000113629,-5.72E-05
-0.000999816,-0.000675125,-0.000264081,0.000476794,5.71E-05,-5.89E-05
-0.000854075,-0.000736595,-0.000282858,-0.000317486,6.48E-07,-6.06E-05
-0.000708335,-0.000798064,-0.000301635,-0.001111766,-5.58E-05,-6.23E-05
-0.000562594,-0.000859534,-0.000320412,-0.001906046,-0.000112334,-6.40E-05
-0.000416854,-0.000921004,-0.000339189,-0.002700326,-0.000168824,-6.57E-05
-0.000668541,-0.00093077,-0.00035734,-0.00145961,-6.14E-05,-6.04E-05
-0.000920228,-0.000940535,-0.000375491,-0.000218895,4.59E-05,-5.51E-05
-0.001171915,-0.000950301,-0.000393641,0.00102182,0.000153305,-4.98E-05
-0.001423602,-0.000960067,-0.000411792,0.002262535,0.000260682,-4.45E-05
-0.001675289,-0.000969833,-0.000429943,0.003503251,0.000368058,-3.92E-05
-0.001926976,-0.000979599,-0.000448094,0.004743966,0.000475435,-3.39E-05
-0.002833935,-0.001034233,-0.000469897,0.004916114,0.000534971,-2.03E-05
-0.003740894,-0.001088868,-0.0004917,0.005088262,0.000594507,-6.62E-06
-0.004647853,-0.001143503,-0.000513504,0.00526041,0.000654043,7.03E-06
-0.005554813,-0.001198137,-0.000535307,0.005432558,0.000713579,2.07E-05
-0.006461772,-0.001252772,-0.00055711,0.005604706,0.000773115,3.43E-05
-0.007368731,-0.001307407,-0.000578914,0.005776854,0.000832651,4.80E-05
-0.006765098,-0.001396995,-0.000611181,0.005517562,0.000826152,6.19E-05
-0.006161465,-0.001486583,-0.000643448,0.005258271,0.000819653,7.59E-05
-0.005557832,-0.001576171,-0.000675715,0.004998979,0.000813154,8.98E-05
-0.004954199,-0.001665759,-0.000707982,0.004739688,0.000806655,0.000103804
-0.004350567,-0.001755348,-0.000740249,0.004480396,0.000800156,0.000117765
-0.003746934,-0.001844936,-0.000772516,0.004221105,0.000793657,0.000131726
-0.00440448,-0.001907739,-0.000805084,0.004073862,0.000790554,0.00014316
-0.005062027,-0.001970542,-0.000837651,0.003926619,0.000787452,0.000154595
-0.005719574,-0.002033345,-0.000870219,0.003779376,0.000784349,0.00016603
-0.006377121,-0.002096148,-0.000902787,0.003632134,0.000781247,0.000177465
-0.007034667,-0.002158951,-0.000935355,0.003484891,0.000778144,0.000188899
-0.006632129,-0.002192534,-0.000986904,0.002902296,0.000798986,0.000208551
-0.00622959,-0.002226117,-0.001038452,0.0023197,0.000819828,0.000228202
-0.005827052,-0.002259701,-0.001090001,0.001737105,0.00084067,0.000247853
-0.005424513,-0.002293284,-0.00114155,0.00115451,0.000861512,0.000267504
-0.005021975,-0.002326867,-0.001193098,0.000571915,0.000882354,0.000287156
-0.004619436,-0.00236045,-0.001244647,-1.07E-05,0.000903196,0.000306807
-0.004216898,-0.002394033,-0.001296196,-0.000593275,0.000924038,0.000326458
-0.00381436,-0.002427616,-0.001347744,-0.001175871,0.00094488,0.000346109
-0.003411821,-0.002461199,-0.001399293,-0.001758466,0.000965722,0.000365761
-0.003009283,-0.002494782,-0.001450842,-0.002341061,0.000986564,0.000385412
-0.002606744,-0.002528366,-0.00150239,-0.002923656,0.001007406,0.000405063
-0.002204206,-0.002561949,-0.001553939,-0.003506251,0.001028248,0.000424714
-0.004599805,-0.00263951,-0.001629758,-0.001654614,0.001128784,0.000461608
-0.006995404,-0.002717071,-0.001705578,0.000197024,0.001229321,0.000498501
-0.009391003,-0.002794632,-0.001781397,0.002048662,0.001329857,0.000535394
-0.011786602,-0.002872193,-0.001857217,0.0039003,0.001430394,0.000572288
-0.010380432,-0.002918498,-0.001898965,0.003499233,0.001465034,0.000594067
-0.008974262,-0.002964804,-0.001940713,0.003098166,0.001499675,0.000615846
-0.007568092,-0.00301111,-0.001982461,0.0026971,0.001534316,0.000637625
-0.006161922,-0.003057416,-0.00202421,0.002296033,0.001568957,0.000659404
-0.004755751,-0.003103722,-0.002065958,0.001894966,0.001603597,0.000681183
-0.003349581,-0.003150027,-0.002107706,0.001493899,0.001638238,0.000702962
-0.00342356,-0.003226891,-0.00221254,0.002550564,0.001682345,0.000756188
-0.003497538,-0.003303754,-0.002317374,0.003607228,0.001726452,0.000809414
-0.003571516,-0.003380617,-0.002422209,0.004663892,0.001770559,0.00086264
-0.003645495,-0.00345748,-0.002527043,0.005720557,0.001814666,0.000915866
-0.003292638,-0.003437212,-0.002580207,0.005029575,0.001890124,0.000952218
-0.002939781,-0.003416943,-0.00263337,0.004338593,0.001965583,0.00098857
-0.002586924,-0.003396675,-0.002686534,0.003647611,0.002041041,0.001024923
-0.002234067,-0.003376406,-0.002739697,0.002956628,0.0021165,0.001061275
-0.00188121,-0.003356138,-0.002792861,0.002265646,0.002191958,0.001097628
-0.001528353,-0.003335869,-0.002846024,0.001574664,0.002267417,0.00113398
-0.001175497,-0.003315601,-0.002899188,0.000883682,0.002342875,0.001170333
-0.001715708,-0.003408816,-0.002971341,0.000245743,0.002301522,0.001214336
-0.00225592,-0.003502032,-0.003043494,-0.000392196,0.00226017,0.00125834
-0.002796131,-0.003595247,-0.003115647,-0.001030136,0.002218817,0.001302343
-0.003336343,-0.003688463,-0.0031878,-0.001668075,0.002177464,0.001346346
-0.002907973,-0.003751941,-0.003261046,-0.001030363,0.002235614,0.001391073
-0.002479603,-0.00381542,-0.003334292,-0.00039265,0.002293763,0.0014358
-0.002051233,-0.003878898,-0.003407538,0.000245062,0.002351913,0.001480527
-0.001622864,-0.003942377,-0.003480784,0.000882775,0.002410063,0.001525254
-0.001194494,-0.004005855,-0.00355403,0.001520487,0.002468212,0.001569981
-0.000766124,-0.004069333,-0.003627276,0.002158199,0.002526362,0.001614708
-0.000337755,-0.004132812,-0.003700522,0.002795912,0.002584512,0.001659435
-0.000767655,-0.004295708,-0.0038127,0.003827458,0.002627285,0.001720839
-0.001197555,-0.004458605,-0.003924879,0.004859003,0.002670059,0.001782243
-0.001627456,-0.004621501,-0.004037057,0.005890549,0.002712832,0.001843647
-0.002057356,-0.004784397,-0.004149236,0.006922094,0.002755606,0.001905051
-0.002487256,-0.004947294,-0.004261415,0.00795364,0.002798379,0.001966455
-0.002010967,-0.004971198,-0.004360228,0.00767175,0.002817916,0.002020508
-0.001534679,-0.004995103,-0.004459041,0.007389861,0.002837453,0.002074562
-0.00105839,-0.005019007,-0.004557855,0.007107971,0.002856989,0.002128615
-0.000582101,-0.005042912,-0.004656668,0.006826081,0.002876526,0.002182669
-0.000105812,-0.005066817,-0.004755482,0.006544192,0.002896062,0.002236722
0.000370476,-0.005090721,-0.004854295,0.006262302,0.002915599,0.002290776
-0.000951227,-0.005207904,-0.004979575,0.005162696,0.002942626,0.002359342
-0.00227293,-0.005325088,-0.005104855,0.004063089,0.002969652,0.002427908
-0.003594633,-0.005442271,-0.005230136,0.002963483,0.002996679,0.002496474
-0.004916336,-0.005559454,-0.005355416,0.001863877,0.003023705,0.00256504
-0.004400741,-0.005604107,-0.00545064,0.001364526,0.003025517,0.002615939
-0.003885145,-0.00564876,-0.005545864,0.000865176,0.003027328,0.002666838
-0.003369549,-0.005693414,-0.005641088,0.000365825,0.003029139,0.002717736
-0.002853954,-0.005738067,-0.005736312,-0.000133525,0.00303095,0.002768635
-0.002338358,-0.00578272,-0.005831536,-0.000632875,0.003032761,0.002819534
-0.001822762,-0.005827373,-0.00592676,-0.001132226,0.003034572,0.002870433
-0.001307167,-0.005872027,-0.006021983,-0.001631576,0.003036383,0.002921331
-0.000684077,-0.005965045,-0.006203745,-0.000619545,0.003078274,0.003012136
-6.10E-05,-0.006058064,-0.006385507,0.000392485,0.003120166,0.003102942
0.000562101,-0.006151082,-0.006567269,0.001404516,0.003162057,0.003193747
0.001185191,-0.006244101,-0.006749031,0.002416546,0.003203948,0.003284552
-0.000254351,-0.006366046,-0.006861732,0.002192016,0.003179352,0.003335475
-0.001693893,-0.00648799,-0.006974432,0.001967485,0.003154756,0.003386398
-0.003133434,-0.006609935,-0.007087133,0.001742955,0.003130161,0.003437321
-0.004572976,-0.006731879,-0.007199833,0.001518424,0.003105565,0.003488244
-0.006012518,-0.006853824,-0.007312534,0.001293894,0.003080969,0.003539168
-0.007452059,-0.006975768,-0.007425234,0.001069363,0.003056373,0.003590091
-0.008891601,-0.007097713,-0.007537935,0.000844832,0.003031777,0.003641014
-0.007848167,-0.007190156,-0.007667913,0.001732173,0.003128029,0.003699313
-0.006804733,-0.007282599,-0.00779789,0.002619514,0.003224281,0.003757612
-0.005761298,-0.007375042,-0.007927868,0.003506854,0.003320533,0.003815911
-0.004717864,-0.007467485,-0.008057845,0.004394195,0.003416784,0.003874211
-0.00367443,-0.007559928,-0.008187823,0.005281535,0.003513036,0.00393251
-0.002630996,-0.007652371,-0.008317801,0.006168876,0.003609288,0.003990809
-0.001587561,-0.007744814,-0.008447778,0.007056216,0.00370554,0.004049108
-0.001673885,-0.007802182,-0.008614999,0.006441869,0.003736266,0.004127776
-0.001760208,-0.007859549,-0.008782219,0.005827522,0.003766993,0.004206445
-0.001846532,-0.007916917,-0.00894944,0.005213174,0.003797719,0.004285113
-0.001932855,-0.007974285,-0.00911666,0.004598827,0.003828446,0.004363781
-0.001848365,-0.008015717,-0.009304372,0.004413331,0.003863958,0.004454139
-0.001763874,-0.00805715,-0.009492084,0.004227835,0.003899471,0.004544496
-0.001679383,-0.008098582,-0.009679796,0.004042339,0.003934984,0.004634853
-0.001594892,-0.008140015,-0.009867508,0.003856843,0.003970497,0.00472521
-0.001510401,-0.008181447,-0.01005522,0.003671347,0.00400601,0.004815567
-0.000477334,-0.00816568,-0.01022892,0.002452206,0.003963917,0.004897016
0.000555733,-0.008149913,-0.01040262,0.001233065,0.003921824,0.004978465
0.0015888,-0.008134146,-0.01057632,1.39E-05,0.003879731,0.005059914
0.002621867,-0.008118379,-0.01075002,-0.001205218,0.003837638,0.005141363
0.003654933,-0.008102612,-0.01092372,-0.00242436,0.003795545,0.005222813
0.004688,-0.008086845,-0.01109742,-0.003643501,0.003753452,0.005304262
0.003950455,-0.00810096,-0.011234477,-0.002072095,0.003770388,0.005366287
0.003212909,-0.008115074,-0.011371535,-0.000500689,0.003787324,0.005428313
0.002475363,-0.008129189,-0.011508592,0.001070717,0.003804259,0.005490338
0.001737817,-0.008143303,-0.011645649,0.002642123,0.003821195,0.005552364
0.001000272,-0.008157418,-0.011782706,0.00421353,0.003838131,0.005614389
0.000262726,-0.008171532,-0.011919764,0.005784936,0.003855067,0.005676414
-0.00047482,-0.008185646,-0.012056821,0.007356342,0.003872002,0.00573844
-0.002289602,-0.008372108,-0.012312314,0.006490922,0.003987137,0.005862221
-0.004104385,-0.008558569,-0.012567807,0.005625503,0.004102272,0.005986002
-0.005919167,-0.00874503,-0.012823301,0.004760083,0.004217406,0.006109782
-0.00773395,-0.008931492,-0.013078794,0.003894663,0.004332541,0.006233563
-0.006783682,-0.008993614,-0.013235177,0.002549489,0.004313989,0.006306435
-0.005833415,-0.009055737,-0.013391561,0.001204315,0.004295437,0.006379307
-0.004883147,-0.00911786,-0.013547944,-0.000140859,0.004276885,0.00645218
-0.003932879,-0.009179983,-0.013704328,-0.001486033,0.004258333,0.006525052
-0.002982612,-0.009242106,-0.013860711,-0.002831207,0.004239781,0.006597924
-0.002032344,-0.009304229,-0.014017094,-0.004176381,0.00422123,0.006670796
-0.001082076,-0.009366352,-0.014173478,-0.005521555,0.004202678,0.006743668
-0.001543159,-0.009448534,-0.014332694,-0.004181168,0.004166434,0.006809225
-0.002004241,-0.009530717,-0.014491909,-0.00284078,0.00413019,0.006874782
-0.002465323,-0.009612899,-0.014651125,-0.001500393,0.004093946,0.006940339
-0.002926406,-0.009695081,-0.014810341,-0.000160005,0.004057702,0.007005896
-0.003387488,-0.009777264,-0.014969557,0.001180382,0.004021458,0.007071453
-0.003375581,-0.00977651,-0.015158328,0.001502159,0.003998388,0.007146773
-0.003363675,-0.009775757,-0.0153471,0.001823936,0.003975318,0.007222093
-0.003351768,-0.009775004,-0.015535871,0.002145713,0.003952248,0.007297412
-0.003339861,-0.009774251,-0.015724643,0.002467489,0.003929177,0.007372732
-0.003327954,-0.009773497,-0.015913414,0.002789266,0.003906107,0.007448052
-0.003316047,-0.009772744,-0.016102185,0.003111043,0.003883037,0.007523372
-0.003736524,-0.009875117,-0.016291951,0.003256026,0.003937356,0.007600028
-0.004157,-0.00997749,-0.016481716,0.003401009,0.003991675,0.007676683
-0.004577476,-0.010079863,-0.016671481,0.003545992,0.004045994,0.007753339
-0.004997953,-0.010182235,-0.016861246,0.003690975,0.004100312,0.007829995
-0.005418429,-0.010284608,-0.017051012,0.003835958,0.004154631,0.00790665
-0.005838905,-0.010386981,-0.017240777,0.00398094,0.00420895,0.007983306
-0.006259382,-0.010489354,-0.017430542,0.004125923,0.004263269,0.008059962
-0.006262567,-0.010753817,-0.01776772,0.00327304,0.004314014,0.008192149
-0.006265753,-0.011018279,-0.018104899,0.002420156,0.004364758,0.008324337
-0.006268939,-0.011282742,-0.018442077,0.001567272,0.004415503,0.008456525
-0.006272124,-0.011547205,-0.018779255,0.000714389,0.004466248,0.008588713
-0.00648919,-0.01163089,-0.018977068,0.000755349,0.004461971,0.008661872
-0.006706255,-0.011714575,-0.019174881,0.000796309,0.004457694,0.00873503
-0.006923321,-0.011798261,-0.019372693,0.000837269,0.004453417,0.008808189
-0.007140386,-0.011881946,-0.019570506,0.000878229,0.00444914,0.008881348
-0.007357452,-0.011965631,-0.019768319,0.000919189,0.004444863,0.008954507
-0.007574517,-0.012049316,-0.019966131,0.000960149,0.004440586,0.009027666
-0.007791583,-0.012133001,-0.020163944,0.001001109,0.004436309,0.009100825
-0.005623217,-0.012228914,-0.020531957,0.001256618,0.004497866,0.009236816
-0.003454852,-0.012324826,-0.020899969,0.001512127,0.004559424,0.009372807
-0.001286486,-0.012420738,-0.021267982,0.001767636,0.004620981,0.009508798
0.00088188,-0.01251665,-0.021635994,0.002023146,0.004682539,0.00964479
0.000214837,-0.012587344,-0.02185378,0.001552552,0.004679047,0.009724763
-0.000452205,-0.012658038,-0.022071566,0.001081957,0.004675555,0.009804735
-0.001119248,-0.012728732,-0.022289352,0.000611363,0.004672064,0.009884708
-0.00178629,-0.012799425,-0.022507139,0.000140769,0.004668572,0.009964681
-0.002453333,-0.012870119,-0.022724925,-0.000329825,0.00466508,0.010044654
-0.003120375,-0.012940813,-0.022942711,-0.000800419,0.004661589,0.010124627
-0.003787418,-0.013011507,-0.023160497,-0.001271013,0.004658097,0.0102046
-0.003857233,-0.013081337,-0.023417934,-0.000714466,0.004658364,0.010294373
-0.003927048,-0.013151167,-0.023675372,-0.000157919,0.004658631,0.010384146
-0.003996864,-0.013220997,-0.02393281,0.000398627,0.004658898,0.010473918
-0.004066679,-0.013290827,-0.024190248,0.000955174,0.004659165,0.010563691
-0.004136494,-0.013360657,-0.024447685,0.001511721,0.004659433,0.010653464
-0.00420631,-0.013430487,-0.024705123,0.002068267,0.0046597,0.010743236
-0.00402802,-0.013489807,-0.024928121,0.001869,0.004709226,0.010822993
-0.003849731,-0.013549126,-0.025151118,0.001669732,0.004758753,0.01090275
-0.003671442,-0.013608445,-0.025374115,0.001470465,0.004808279,0.010982507
-0.003493153,-0.013667765,-0.025597113,0.001271197,0.004857806,0.011062264
-0.003314863,-0.013727084,-0.02582011,0.001071929,0.004907332,0.011142021
-0.003553214,-0.013798267,-0.026115346,4.94E-05,0.004889545,0.011245698
-0.003791564,-0.013869449,-0.026410582,-0.000973068,0.004871758,0.011349374
-0.004029915,-0.013940632,-0.026705818,-0.001995566,0.004853971,0.011453051
-0.004268265,-0.014011815,-0.027001054,-0.003018065,0.004836183,0.011556728
-0.004506616,-0.014082998,-0.02729629,-0.004040563,0.004818396,0.011660405
-0.004744967,-0.014154181,-0.027591527,-0.005063062,0.004800609,0.011764081
-0.004727949,-0.014229551,-0.027927216,-0.003677221,0.00488019,0.011881926
-0.004710932,-0.014304921,-0.028262906,-0.002291379,0.004959772,0.01199977
-0.004693915,-0.014380291,-0.028598595,-0.000905538,0.005039354,0.012117615
-0.004676898,-0.014455661,-0.028934285,0.000480304,0.005118935,0.012235459
-0.00465988,-0.014531031,-0.029269975,0.001866145,0.005198517,0.012353304
-0.004181583,-0.014558632,-0.029446905,0.001424898,0.005196432,0.012415596
-0.003703285,-0.014586232,-0.029623834,0.000983651,0.005194347,0.012477888
-0.003224987,-0.014613832,-0.029800764,0.000542404,0.005192262,0.012540181
-0.002746689,-0.014641433,-0.029977694,0.000101157,0.005190177,0.012602473
-0.002268391,-0.014669033,-0.030154624,-0.00034009,0.005188093,0.012664765
-0.001790093,-0.014696634,-0.030331554,-0.000781337,0.005186008,0.012727057
-0.001311795,-0.014724234,-0.030508484,-0.001222584,0.005183923,0.01278935
-0.000833498,-0.014751834,-0.030685414,-0.001663831,0.005181838,0.012851642
-0.0003552,-0.014779435,-0.030862343,-0.002105078,0.005179753,0.012913934
0.000123098,-0.014807035,-0.031039273,-0.002546325,0.005177668,0.012976226
-0.001000454,-0.01489923,-0.03163438,-0.00324083,0.005103441,0.013178718
-0.002124006,-0.014991425,-0.032229487,-0.003935336,0.005029213,0.013381209
-0.003247557,-0.015083619,-0.032824595,-0.004629842,0.004954985,0.0135837
-0.003451765,-0.01516602,-0.033181708,-0.003537202,0.004887604,0.013692674
-0.003655973,-0.015248421,-0.033538821,-0.002444562,0.004820224,0.013801648
-0.003860181,-0.015330822,-0.033895934,-0.001351922,0.004752843,0.013910621
-0.004064388,-0.015413223,-0.034253047,-0.000259282,0.004685462,0.014019595
-0.004268596,-0.015495624,-0.03461016,0.000833358,0.004618081,0.014128569
-0.00322173,-0.015550893,-0.034931344,-0.000590481,0.004588795,0.014222553
-0.002174865,-0.015606161,-0.035252528,-0.00201432,0.004559508,0.014316538
-0.001127999,-0.01566143,-0.035573713,-0.00343816,0.004530222,0.014410523
-8.11E-05,-0.015716698,-0.035894897,-0.004861999,0.004500936,0.014504507
-0.000425704,-0.015748246,-0.036181859,-0.003326935,0.004509478,0.014583004
-0.000770274,-0.015779795,-0.03646882,-0.001791872,0.004518019,0.0146615
-0.001114844,-0.015811343,-0.036755782,-0.000256808,0.004526561,0.014739996
-0.001459415,-0.015842892,-0.037042744,0.001278255,0.004535103,0.014818493
-0.001803985,-0.01587444,-0.037329706,0.002813319,0.004543645,0.014896989
-0.002148555,-0.015905989,-0.037616667,0.004348382,0.004552187,0.014975486
-0.002493126,-0.015937537,-0.037903629,0.005883445,0.004560729,0.015053982
-0.002570081,-0.015974251,-0.038219281,0.004825597,0.004552864,0.015142536
-0.002647037,-0.016010966,-0.038534932,0.003767749,0.004544999,0.015231089
-0.002723992,-0.01604768,-0.038850583,0.002709901,0.004537133,0.015319643
-0.002800947,-0.016084394,-0.039166234,0.001652053,0.004529268,0.015408197
-0.002877903,-0.016121108,-0.039481886,0.000594205,0.004521403,0.015496751
-0.002954858,-0.016157823,-0.039797537,-0.000463644,0.004513538,0.015585304
-0.002829037,-0.016204587,-0.040178934,0.000562253,0.004543477,0.01569169
-0.002703216,-0.016251352,-0.04056033,0.00158815,0.004573416,0.015798076
-0.002577395,-0.016298117,-0.040941727,0.002614047,0.004603354,0.015904462
-0.002451573,-0.016344881,-0.041323124,0.003639944,0.004633293,0.016010848
-0.002325752,-0.016391646,-0.041704521,0.004665841,0.004663232,0.016117234
-0.003298649,-0.016484688,-0.042044124,0.003588876,0.004659609,0.016211969
-0.004271545,-0.016577729,-0.042383727,0.00251191,0.004655986,0.016306704
-0.005244441,-0.01667077,-0.04272333,0.001434945,0.004652363,0.016401439
-0.006217338,-0.016763812,-0.043062933,0.00035798,0.004648739,0.016496174
-0.006535134,-0.016902283,-0.043350255,0.000802354,0.00473579,0.016580456
-0.00685293,-0.017040754,-0.043637578,0.001246728,0.004822841,0.016664739
-0.007170726,-0.017179225,-0.043924901,0.001691103,0.004909892,0.016749021
-0.007488522,-0.017317696,-0.044212223,0.002135477,0.004996942,0.016833303
-0.007806318,-0.017456166,-0.044499546,0.002579852,0.005083993,0.016917586
-0.008124114,-0.017594637,-0.044786868,0.003024226,0.005171044,0.017001868
-0.00844191,-0.017733108,-0.045074191,0.0034686,0.005258095,0.01708615
-0.007333503,-0.017836411,-0.045457402,0.003344,0.005275063,0.017197787
-0.006225095,-0.017939715,-0.045840612,0.0032194,0.005292031,0.017309423
-0.005116687,-0.018043018,-0.046223823,0.003094799,0.005308999,0.017421059
-0.00400828,-0.018146321,-0.046607034,0.002970199,0.005325968,0.017532696
-0.002899872,-0.018249624,-0.046990244,0.002845599,0.005342936,0.017644332
-0.001791465,-0.018352928,-0.047373455,0.002720999,0.005359904,0.017755968
-0.003509738,-0.01854919,-0.047814321,0.003200353,0.00543637,0.017886525
-0.00522801,-0.018745453,-0.048255187,0.003679707,0.005512836,0.018017082
-0.006946283,-0.018941716,-0.048696052,0.004159061,0.005589303,0.018147638
-0.008664556,-0.019137979,-0.049136918,0.004638415,0.005665769,0.018278195
-0.010382829,-0.019334242,-0.049577784,0.005117769,0.005742235,0.018408751
-0.008223074,-0.019413957,-0.049975076,0.00473789,0.005831533,0.018530821
-0.006063319,-0.019493673,-0.050372368,0.004358011,0.005920832,0.018652892
-0.003903563,-0.019573389,-0.05076966,0.003978131,0.006010131,0.018774962
-0.001743808,-0.019653104,-0.051166952,0.003598252,0.00609943,0.018897032
-0.001561273,-0.019688047,-0.051527167,0.002830806,0.006114717,0.019009711
-0.001378738,-0.019722989,-0.051887382,0.00206336,0.006130005,0.019122391
-0.001196203,-0.019757932,-0.052247598,0.001295913,0.006145292,0.01923507
-0.001013668,-0.019792874,-0.052607813,0.000528467,0.00616058,0.019347749
-0.000831133,-0.019827816,-0.052968028,-0.000238979,0.006175868,0.019460428
-0.000648598,-0.019862759,-0.053328244,-0.001006425,0.006191155,0.019573107
-0.000466062,-0.019897701,-0.053688459,-0.001773872,0.006206443,0.019685786
-0.001287038,-0.019940195,-0.05408679,-0.001503171,0.006212649,0.0198097
-0.002108014,-0.019982689,-0.054485121,-0.00123247,0.006218855,0.019933613
-0.00292899,-0.020025183,-0.054883452,-0.000961769,0.006225061,0.020057526
-0.003749966,-0.020067678,-0.055281783,-0.000691069,0.006231267,0.02018144
-0.004570941,-0.020110172,-0.055680114,-0.000420368,0.006237473,0.020305353
-0.005391917,-0.020152666,-0.056078445,-0.000149667,0.006243679,0.020429267
-0.006219015,-0.020279191,-0.056557122,-0.000179685,0.006288781,0.02057956
-0.007046112,-0.020405716,-0.057035799,-0.000209704,0.006333884,0.020729853
-0.007873209,-0.020532242,-0.057514475,-0.000239722,0.006378986,0.020880146
-0.008700307,-0.020658767,-0.057993152,-0.00026974,0.006424088,0.021030439
-0.009527404,-0.020785293,-0.058471829,-0.000299759,0.00646919,0.021180732
-0.007607358,-0.020863839,-0.058887673,-0.000485431,0.00645715,0.0213062
-0.005687313,-0.020942386,-0.059303517,-0.000671103,0.00644511,0.021431668
-0.003767267,-0.021020933,-0.059719361,-0.000856775,0.006433071,0.021557136
-0.001847222,-0.02109948,-0.060135206,-0.001042447,0.006421031,0.021682605
7.28E-05,-0.021178027,-0.06055105,-0.001228118,0.006408991,0.021808073
0.001992869,-0.021256573,-0.060966894,-0.00141379,0.006396951,0.021933541
0.001564286,-0.02133678,-0.061339834,-0.000491325,0.006492431,0.022051356
0.001135704,-0.021416987,-0.061712774,0.00043114,0.00658791,0.022169172
0.000707121,-0.021497194,-0.062085714,0.001353605,0.00668339,0.022286988
0.000278538,-0.021577401,-0.062458654,0.00227607,0.006778869,0.022404804
-0.000150044,-0.021657608,-0.062831593,0.003198536,0.006874349,0.02252262
-0.000578627,-0.021737814,-0.063204533,0.004121001,0.006969828,0.022640435
-0.00100721,-0.021818021,-0.063577473,0.005043466,0.007065308,0.022758251
-0.001562441,-0.021850033,-0.064018549,0.002098831,0.007056956,0.022902688
-0.002117671,-0.021882045,-0.064459626,-0.000845804,0.007048605,0.023047124
-0.002672902,-0.021914057,-0.064900702,-0.003790439,0.007040254,0.023191561
-0.003228132,-0.021946069,-0.065341778,-0.006735073,0.007031902,0.023335997
-0.002257743,-0.021946666,-0.065772199,-0.003906575,0.007111472,0.023475302
-0.001287354,-0.021947263,-0.066202621,-0.001078077,0.007191043,0.023614607
-0.000316964,-0.02194786,-0.066633042,0.001750421,0.007270613,0.023753911
0.000653425,-0.021948457,-0.067063463,0.004578919,0.007350183,0.023893216
0.001623814,-0.021949054,-0.067493885,0.007407418,0.007429753,0.024032521
0.002594203,-0.021949651,-0.067924306,0.010235916,0.007509323,0.024171825
0.001625798,-0.021985155,-0.068485671,0.009362917,0.007543627,0.024362125
0.000657392,-0.022020658,-0.069047037,0.008489919,0.00757793,0.024552425
-0.000311014,-0.022056162,-0.069608402,0.00761692,0.007612234,0.024742725
-0.00127942,-0.022091666,-0.070169768,0.006743922,0.007646537,0.024933024
-0.002247825,-0.02212717,-0.070731133,0.005870923,0.007680841,0.025123324
-0.002903929,-0.022291106,-0.071177209,0.004719205,0.007670886,0.025272664
-0.003560033,-0.022455043,-0.071623286,0.003567487,0.007660932,0.025422003
-0.004216137,-0.022618979,-0.072069362,0.002415768,0.007650977,0.025571343
-0.004872241,-0.022782916,-0.072515438,0.00126405,0.007641023,0.025720682
-0.005528345,-0.022946852,-0.072961514,0.000112332,0.007631069,0.025870021
-0.006184449,-0.023110788,-0.07340759,-0.001039386,0.007621114,0.026019361
-0.005858857,-0.023158879,-0.073798411,-0.000466458,0.007630982,0.026147636
-0.005533265,-0.023206971,-0.074189231,0.00010647,0.00764085,0.02627591
-0.005207673,-0.023255062,-0.074580051,0.000679398,0.007650719,0.026404185
-0.004882081,-0.023303153,-0.074970871,0.001252327,0.007660587,0.02653246
-0.004556489,-0.023351244,-0.075361691,0.001825255,0.007670455,0.026660735
-0.004230897,-0.023399335,-0.075752512,0.002398183,0.007680323,0.02678901
-0.003905305,-0.023447426,-0.076143332,0.002971111,0.007690191,0.026917284
-0.003562967,-0.023542664,-0.076846732,0.002585452,0.007716541,0.027148008
-0.003220628,-0.023637903,-0.077550132,0.002199792,0.007742891,0.027378731
-0.00287829,-0.023733141,-0.078253532,0.001814133,0.007769241,0.027609455
-0.002535952,-0.02382838,-0.078956932,0.001428473,0.00779559,0.027840178
-0.003393372,-0.023883042,-0.079369212,0.001617511,0.007806954,0.027974203
-0.004250792,-0.023937703,-0.079781492,0.001806549,0.007818318,0.028108228
-0.005108212,-0.023992365,-0.080193772,0.001995587,0.007829681,0.028242253
-0.005965632,-0.024047027,-0.080606052,0.002184624,0.007841045,0.028376278
-0.006823053,-0.024101688,-0.081018332,0.002373662,0.007852408,0.028510302
-0.007680473,-0.02415635,-0.081430612,0.0025627,0.007863772,0.028644327
-0.008537893,-0.024211012,-0.081842892,0.002751738,0.007875135,0.028778352
-0.008024082,-0.024290633,-0.082177296,0.001723631,0.007862367,0.028885381
-0.007510271,-0.024370255,-0.082511701,0.000695524,0.007849598,0.02899241
-0.006996459,-0.024449877,-0.082846105,-0.000332583,0.007836829,0.029099439
-0.006482648,-0.024529498,-0.08318051,-0.00136069,0.007824061,0.029206468
-0.005968837,-0.02460912,-0.083514914,-0.002388797,0.007811292,0.029313498
-0.005455025,-0.024688741,-0.083849318,-0.003416904,0.007798524,0.029420527
-0.005664563,-0.024879871,-0.084592298,-0.001822218,0.007793058,0.029647251
-0.0058741,-0.025071002,-0.085335277,-0.000227532,0.007787593,0.029873975
-0.006083637,-0.025262132,-0.086078256,0.001367154,0.007782128,0.030100699
-0.006293174,-0.025453262,-0.086821236,0.00296184,0.007776662,0.030327423
-0.007305596,-0.025630792,-0.087369081,0.003021314,0.007829814,0.030494883
-0.008318018,-0.025808322,-0.087916926,0.003080788,0.007882966,0.030662343
-0.00933044,-0.025985852,-0.08846477,0.003140262,0.007936118,0.030829803
-0.010342862,-0.026163382,-0.089012615,0.003199736,0.00798927,0.030997263
-0.011355284,-0.026340912,-0.08956046,0.003259209,0.008042422,0.031164723
-0.012367706,-0.026518442,-0.090108305,0.003318683,0.008095574,0.031332184
-0.011873587,-0.026592734,-0.090557668,0.002699527,0.008100917,0.031468642
-0.011379469,-0.026667026,-0.09100703,0.002080371,0.00810626,0.031605099
-0.01088535,-0.026741318,-0.091456393,0.001461215,0.008111603,0.031741557
-0.010391231,-0.02681561,-0.091905756,0.000842059,0.008116946,0.031878015
-0.009897113,-0.026889902,-0.092355118,0.000222903,0.008122289,0.032014473
-0.009402994,-0.026964195,-0.092804481,-0.000396253,0.008127632,0.032150931
-0.008908875,-0.027038487,-0.093253843,-0.001015409,0.008132975,0.032287389
-0.007689013,-0.027126478,-0.094047377,-0.001486991,0.008137456,0.032525403
-0.006469151,-0.027214469,-0.09484091,-0.001958574,0.008141937,0.032763418
-0.005249289,-0.027302461,-0.095634444,-0.002430156,0.008146418,0.033001432
-0.004029427,-0.027390452,-0.096427977,-0.002901739,0.008150899,0.033239447
-0.004336036,-0.027467468,-0.096803994,-0.002501166,0.008146317,0.033349711
-0.004642645,-0.027544484,-0.097180011,-0.002100593,0.008141736,0.033459976
-0.004949254,-0.0276215,-0.097556029,-0.00170002,0.008137154,0.033570241
-0.005255864,-0.027698516,-0.097932046,-0.001299447,0.008132573,0.033680506
-0.005562473,-0.027775532,-0.098308063,-0.000898874,0.008127991,0.033790771
-0.005869082,-0.027852548,-0.09868408,-0.000498301,0.00812341,0.033901036
-0.00575169,-0.027960365,-0.099359618,0.001037147,0.00816122,0.034094523
-0.005634298,-0.028068182,-0.100035156,0.002572595,0.00819903,0.03428801
-0.005516906,-0.028175999,-0.100710694,0.004108043,0.00823684,0.034481497
-0.005399514,-0.028283816,-0.101386233,0.005643491,0.00827465,0.034674984
-0.005282122,-0.028391633,-0.102061771,0.007178939,0.00831246,0.034868471
-0.004848884,-0.028427106,-0.10263294,0.006394626,0.008334101,0.035036275
-0.004415646,-0.028462579,-0.103204109,0.005610313,0.008355743,0.035204079
-0.003982408,-0.028498053,-0.103775278,0.004826,0.008377384,0.035371883
-0.00354917,-0.028533526,-0.104346447,0.004041687,0.008399025,0.035539687
-0.003115932,-0.028568999,-0.104917616,0.003257373,0.008420667,0.035707491
-0.002682694,-0.028604472,-0.105488785,0.00247306,0.008442308,0.035875294
-0.003276381,-0.028639054,-0.106046251,0.001734835,0.008488617,0.036044893
-0.003870069,-0.028673635,-0.106603717,0.000996609,0.008534927,0.036214491
-0.004463756,-0.028708217,-0.107161183,0.000258384,0.008581236,0.036384089
-0.005057443,-0.028742798,-0.107718649,-0.000479842,0.008627546,0.036553687
-0.005651131,-0.02877738,-0.108276115,-0.001218067,0.008673856,0.036723285
-0.006244818,-0.028811961,-0.108833581,-0.001956293,0.008720165,0.036892883
-0.005932624,-0.028905482,-0.109231191,-0.000256098,0.008807461,0.037016146
-0.00562043,-0.028999002,-0.109628802,0.001444097,0.008894758,0.037139408
-0.005308236,-0.029092522,-0.110026412,0.003144292,0.008982054,0.037262671
-0.004996042,-0.029186043,-0.110424022,0.004844487,0.00906935,0.037385933
-0.004683847,-0.029279563,-0.110821632,0.006544683,0.009156647,0.037509196
-0.004371653,-0.029373083,-0.111219242,0.008244878,0.009243943,0.037632458
-0.003782893,-0.029416226,-0.11183995,0.007535492,0.009290488,0.037830247
-0.003194133,-0.029459369,-0.112460658,0.006826106,0.009337034,0.038028037
-0.002605373,-0.029502512,-0.113081366,0.00611672,0.009383579,0.038225826
-0.002016613,-0.029545655,-0.113702074,0.005407334,0.009430125,0.038423615
-0.001427853,-0.029588798,-0.114322782,0.004697948,0.00947667,0.038621405
-0.000839092,-0.029631941,-0.114943489,0.003988563,0.009523216,0.038819194
-0.000186091,-0.029625887,-0.115792861,0.004366399,0.009598974,0.039096421
0.000466911,-0.029619833,-0.116642233,0.004744235,0.009674732,0.039373647
0.001119912,-0.02961378,-0.117491605,0.005122071,0.00975049,0.039650874
0.001772914,-0.029607726,-0.118340977,0.005499907,0.009826249,0.039928101
0.00177908,-0.029653143,-0.118863841,0.004360373,0.009827029,0.040100751
0.001785245,-0.029698561,-0.119386706,0.003220839,0.00982781,0.0402734
0.001791411,-0.029743978,-0.119909571,0.002081305,0.00982859,0.04044605
0.001797577,-0.029789395,-0.120432435,0.00094177,0.009829371,0.0406187
0.001803742,-0.029834812,-0.1209553,-0.000197764,0.009830151,0.040791349
0.001809908,-0.029880229,-0.121478165,-0.001337298,0.009830932,0.040963999
0.001816073,-0.029925646,-0.12200103,-0.002476832,0.009831713,0.041136649
0.000339927,-0.030105111,-0.122617003,-0.001245624,0.009860555,0.04133615
-0.001136219,-0.030284575,-0.123232976,-1.44E-05,0.009889397,0.041535651
-0.002612365,-0.03046404,-0.123848949,0.001216792,0.00991824,0.041735153
-0.004088511,-0.030643504,-0.124464922,0.002448,0.009947082,0.041934654
-0.004035414,-0.030661914,-0.124613689,0.002330678,0.009947261,0.041982472
-0.003982317,-0.030680324,-0.124762456,0.002213355,0.00994744,0.042030289
-0.00392922,-0.030698734,-0.124911222,0.002096033,0.009947619,0.042078107
-0.003876122,-0.030717144,-0.125059989,0.00197871,0.009947798,0.042125925
-0.003823025,-0.030735554,-0.125208756,0.001861388,0.009947977,0.042173743
-0.003769928,-0.030753964,-0.125357523,0.001744065,0.009948156,0.04222156
-0.003716831,-0.030772374,-0.12550629,0.001626743,0.009948335,0.042269378
-0.003663734,-0.030790784,-0.125655057,0.00150942,0.009948514,0.042317196
-0.003610637,-0.030809194,-0.125803824,0.001392098,0.009948693,0.042365013
-0.003557539,-0.030827603,-0.125952591,0.001274775,0.009948872,0.042412831
-0.003504442,-0.030846013,-0.126101358,0.001157453,0.009949051,0.042460649
-0.003451345,-0.030864423,-0.126250125,0.00104013,0.00994923,0.042508466
-0.003398248,-0.030882833,-0.126398892,0.000922808,0.009949409,0.042556284
-0.003345151,-0.030901243,-0.126547659,0.000805485,0.009949588,0.042604102
-0.003292053,-0.030919653,-0.126696426,0.000688163,0.009949766,0.042651919
-0.003238956,-0.030938063,-0.126845193,0.00057084,0.009949945,0.042699737
-0.003185859,-0.030956473,-0.12699396,0.000453518,0.009950124,0.042747555
-0.003132762,-0.030974883,-0.127142726,0.000336195,0.009950303,0.042795372
-0.003079665,-0.030993293,-0.127291493,0.000218873,0.009950482,0.04284319
-0.003026567,-0.031011703,-0.12744026,0.00010155,0.009950661,0.042891008
-0.00297347,-0.031030113,-0.127589027,-1.58E-05,0.00995084,0.042938825
-0.002920373,-0.031048523,-0.127737794,-0.000133095,0.009951019,0.042986643
-0.002867276,-0.031066933,-0.127886561,-0.000250418,0.009951198,0.043034461
-0.002814179,-0.031085343,-0.128035328,-0.00036774,0.009951377,0.043082278
-0.002761082,-0.031103753,-0.128184095,-0.000485063,0.009951556,0.043130096
-0.005085631,-0.031467414,-0.130031951,0.000673124,0.010188638,0.043733232
-0.007410181,-0.031831075,-0.131879807,0.001831311,0.01042572,0.044336367
-0.005074785,-0.032212012,-0.134523034,0.001175299,0.010432999,0.045193255
-0.004892819,-0.032484191,-0.137471758,-0.000131006,0.010478555,0.046144194
-0.004710854,-0.03275637,-0.140420482,-0.001437311,0.010524111,0.047095133
-0.004052756,-0.033039613,-0.143403925,-0.000869193,0.010752193,0.048071261
-0.003394658,-0.033322856,-0.146387368,-0.000301074,0.010980275,0.049047388
-0.003874581,-0.033390988,-0.146953589,0.000584261,0.011053324,0.049237811
-0.004354504,-0.033459119,-0.14751981,0.001469597,0.011126373,0.049428234
-0.004834426,-0.033527251,-0.148086031,0.002354932,0.011199422,0.049618657
-0.005314349,-0.033595383,-0.148652251,0.003240267,0.011272471,0.04980908
-0.005794271,-0.033663515,-0.149218472,0.004125603,0.011345521,0.049999503
-0.006274194,-0.033731647,-0.149784693,0.005010938,0.01141857,0.050189926
-0.006754117,-0.033799779,-0.150350913,0.005896274,0.011491619,0.050380349
-0.00696859,-0.033879158,-0.151014599,0.004788218,0.011530651,0.050609181
-0.007183064,-0.033958537,-0.151678284,0.003680163,0.011569682,0.050838013
-0.007397537,-0.034037916,-0.152341969,0.002572108,0.011608714,0.051066846
-0.007612011,-0.034117295,-0.153005655,0.001464053,0.011647745,0.051295678
-0.007826485,-0.034196674,-0.15366934,0.000355998,0.011686777,0.05152451
-0.008040958,-0.034276053,-0.154333025,-0.000752057,0.011725808,0.051753342
-0.007739063,-0.034342255,-0.154893687,-0.000181117,0.011755605,0.051945768
-0.007437169,-0.034408456,-0.15545435,0.000389824,0.011785402,0.052138194
-0.007135274,-0.034474657,-0.156015012,0.000960764,0.011815199,0.052330621
-0.00683338,-0.034540859,-0.156575674,0.001531705,0.011844996,0.052523047
-0.006531485,-0.03460706,-0.157136336,0.002102645,0.011874793,0.052715473
-0.005206561,-0.034748705,-0.158256516,0.001966179,0.011835849,0.0530894
-0.003881636,-0.03489035,-0.159376696,0.001829712,0.011796904,0.053463327
-0.002556712,-0.035031995,-0.160496876,0.001693246,0.01175796,0.053837254
-0.001231788,-0.03517364,-0.161617056,0.001556779,0.011719015,0.054211181
-0.0010879,-0.035211598,-0.162205903,0.001441945,0.011731123,0.054407427
-0.000944012,-0.035249556,-0.16279475,0.00132711,0.011743231,0.054603673
-0.000800124,-0.035287514,-0.163383597,0.001212275,0.011755339,0.054799919
-0.000656236,-0.035325472,-0.163972444,0.00109744,0.011767447,0.054996165
-0.000512348,-0.03536343,-0.164561291,0.000982605,0.011779555,0.055192411
-0.00036846,-0.035401388,-0.165150138,0.00086777,0.011791663,0.055388658
-0.000224572,-0.035439346,-0.165738985,0.000752935,0.011803771,0.055584904
-0.00196714,-0.035533316,-0.166441749,-0.000157974,0.011795599,0.055817929
-0.003709707,-0.035627287,-0.167144512,-0.001068882,0.011787427,0.056050955
-0.005452274,-0.035721257,-0.167847276,-0.00197979,0.011779255,0.056283981
-0.007194842,-0.035815228,-0.168550039,-0.002890699,0.011771083,0.056517006
-0.008937409,-0.035909198,-0.169252803,-0.003801607,0.01176291,0.056750032
-0.010679976,-0.036003169,-0.169955567,-0.004712516,0.011754738,0.056983057
-0.009076037,-0.036021212,-0.170569294,-0.003102007,0.011756598,0.057179744
-0.007472098,-0.036039255,-0.171183022,-0.001491499,0.011758459,0.057376431
-0.005868159,-0.036057298,-0.17179675,0.000119009,0.011760319,0.057573118
-0.00426422,-0.036075341,-0.172410477,0.001729517,0.011762179,0.057769805
-0.002660281,-0.036093385,-0.173024205,0.003340025,0.011764039,0.057966491
-0.001056342,-0.036111428,-0.173637933,0.004950533,0.0117659,0.058163178
0.000547598,-0.036129471,-0.174251661,0.006561041,0.01176776,0.058359865
4.66E-05,-0.036092896,-0.175301176,0.005956304,0.01184475,0.058709413
-0.000454303,-0.036056321,-0.17635069,0.005351568,0.011921739,0.059058961
-0.000955254,-0.036019746,-0.177400205,0.004746831,0.011998729,0.059408508
-0.001456204,-0.035983171,-0.17844972,0.004142094,0.012075718,0.059758056
-0.001062466,-0.035988677,-0.178864313,0.003461739,0.012062033,0.059895982
-0.000668727,-0.035994183,-0.179278906,0.002781383,0.012048347,0.060033907
-0.000274989,-0.035999689,-0.179693499,0.002101027,0.012034661,0.060171833
0.00011875,-0.036005195,-0.180108092,0.001420672,0.012020975,0.060309759
0.000512489,-0.036010701,-0.180522685,0.000740316,0.01200729,0.060447684
0.000906227,-0.036016207,-0.180937277,6.00E-05,0.011993604,0.06058561
0.001299966,-0.036021713,-0.18135187,-0.000620395,0.011979918,0.060723536
0.000650864,-0.036032348,-0.182494372,-0.000419318,0.012000215,0.061104337
1.76E-06,-0.036042983,-0.183636874,-0.000218241,0.012020512,0.061485138
-0.000647341,-0.036053617,-0.184779376,-1.72E-05,0.01204081,0.061865939
-0.001296443,-0.036064252,-0.185921878,0.000183913,0.012061107,0.06224674
-0.00129672,-0.036122469,-0.186539458,-0.000248656,0.012070747,0.062453437
-0.001296997,-0.036180686,-0.187157039,-0.000681225,0.012080387,0.062660134
-0.001297274,-0.036238902,-0.18777462,-0.001113794,0.012090028,0.062866831
-0.001297551,-0.036297119,-0.188392201,-0.001546363,0.012099668,0.063073529
-0.001297827,-0.036355336,-0.189009781,-0.001978931,0.012109308,0.063280226
-0.001298104,-0.036413553,-0.189627362,-0.0024115,0.012118948,0.063486923
-0.001298381,-0.036471769,-0.190244943,-0.002844069,0.012128589,0.06369362
-0.001334653,-0.036484405,-0.190602267,-0.002728388,0.01213588,0.063813241
-0.001370924,-0.036497042,-0.19095959,-0.002612707,0.01214317,0.063932862
-0.001407196,-0.036509678,-0.191316914,-0.002497025,0.012150461,0.064052483
-0.001443467,-0.036522314,-0.191674237,-0.002381344,0.012157752,0.064172104
-0.001479739,-0.03653495,-0.192031561,-0.002265662,0.012165043,0.064291725
-0.00151601,-0.036547586,-0.192388885,-0.002149981,0.012172334,0.064411346
-0.001552282,-0.036560223,-0.192746208,-0.0020343,0.012179625,0.064530967
-0.001588553,-0.036572859,-0.193103532,-0.001918618,0.012186916,0.064650588
-0.001624825,-0.036585495,-0.193460856,-0.001802937,0.012194206,0.064770209
-0.001661096,-0.036598131,-0.193818179,-0.001687256,0.012201497,0.06488983
-0.001697368,-0.036610767,-0.194175503,-0.001571574,0.012208788,0.065009451
-0.001733639,-0.036623403,-0.194532827,-0.001455893,0.012216079,0.065129071
-0.001895506,-0.036660803,-0.194763405,-0.001342791,0.012225869,0.065205539
-0.002057373,-0.036698203,-0.194993983,-0.001229689,0.012235659,0.065282007
-0.002219241,-0.036735602,-0.195224562,-0.001116588,0.012245449,0.065358474
-0.002381108,-0.036773002,-0.19545514,-0.001003486,0.012255239,0.065434942
-0.002542975,-0.036810401,-0.195685718,-0.000890385,0.012265029,0.065511409
-0.002704842,-0.036847801,-0.195916297,-0.000777283,0.012274819,0.065587877
-0.002866709,-0.0368852,-0.196146875,-0.000664181,0.012284609,0.065664344
-0.003028576,-0.0369226,-0.196377453,-0.00055108,0.012294399,0.065740812
-0.003190443,-0.03696,-0.196608032,-0.000437978,0.012304189,0.065817279
-0.003352311,-0.036997399,-0.19683861,-0.000324876,0.012313979,0.065893747
-0.003514178,-0.037034799,-0.197069189,-0.000211775,0.012323769,0.065970214
-0.003676045,-0.037072198,-0.197299767,-9.87E-05,0.012333559,0.066046682
-0.003837912,-0.037109598,-0.197530345,1.44E-05,0.012343349,0.066123149
-0.003999779,-0.037146997,-0.197760924,0.00012753,0.012353139,0.066199617
-0.004161646,-0.037184397,-0.197991502,0.000240632,0.012362929,0.066276084
-0.004323513,-0.037221797,-0.19822208,0.000353734,0.01237272,0.066352552
-0.004485381,-0.037259196,-0.198452659,0.000466835,0.01238251,0.066429019
-0.004647248,-0.037296596,-0.198683237,0.000579937,0.0123923,0.066505487
-0.004809115,-0.037333995,-0.198913815,0.000693039,0.01240209,0.066581954
-0.004970982,-0.037371395,-0.199144394,0.00080614,0.01241188,0.066658422
-0.005132849,-0.037408794,-0.199374972,0.000919242,0.01242167,0.066734889
-0.005294716,-0.037446194,-0.19960555,0.001032344,0.01243146,0.066811357
-0.005456583,-0.037483594,-0.199836129,0.001145445,0.01244125,0.066887824
-0.005618451,-0.037520993,-0.200066707,0.001258547,0.01245104,0.066964292
-0.005780318,-0.037558393,-0.200297286,0.001371649,0.01246083,0.067040759
-0.005942185,-0.037595792,-0.200527864,0.00148475,0.01247062,0.067117227
-0.006104052,-0.037633192,-0.200758442,0.001597852,0.01248041,0.067193694
-0.005424914,-0.037627057,-0.203828152,0.001591402,0.012537157,0.068237646
-0.004745775,-0.037620923,-0.206897862,0.001584952,0.012593903,0.069281599
-0.004066636,-0.037614788,-0.209967572,0.001578502,0.01265065,0.070325551
-0.003387498,-0.037608653,-0.213037282,0.001572052,0.012707397,0.071369503
-0.002708359,-0.037602519,-0.216106992,0.001565602,0.012764144,0.072413455
-0.002029221,-0.037596384,-0.219176702,0.001559152,0.01282089,0.073457407
-0.001350082,-0.037590249,-0.222246412,0.001552702,0.012877637,0.074501359
-0.000670944,-0.037584115,-0.225316122,0.001546252,0.012934384,0.075545311
-0.001493605,-0.037631628,-0.226119096,0.002504587,0.01307142,0.075831835
-0.002316266,-0.037679142,-0.22692207,0.003462922,0.013208456,0.07611836
-0.003138927,-0.037726656,-0.227725044,0.004421256,0.013345492,0.076404884
-0.003961588,-0.037774169,-0.228528018,0.005379591,0.013482528,0.076691409
-0.00478425,-0.037821683,-0.229330992,0.006337926,0.013619564,0.076977933
-0.005606911,-0.037869196,-0.230133966,0.007296261,0.0137566,0.077264458
-0.004703248,-0.037918744,-0.230947758,0.006836177,0.013832108,0.077563732
-0.003799586,-0.037968292,-0.23176155,0.006376092,0.013907616,0.077863005
-0.002895924,-0.038017839,-0.232575342,0.005916008,0.013983124,0.078162279
-0.001992261,-0.038067387,-0.233389134,0.005455924,0.014058632,0.078461553
-0.001088599,-0.038116934,-0.234202926,0.004995839,0.01413414,0.078760826
-0.000184937,-0.038166482,-0.235016719,0.004535755,0.014209648,0.0790601
0.033694721,-0.036898305,-0.235581789,0.004716356,0.01422677,0.07928852
0.067574379,-0.035630127,-0.23614686,0.004896957,0.014243893,0.07951694
0.101454037,-0.03436195,-0.23671193,0.005077558,0.014261015,0.07974536
0.135333695,-0.033093773,-0.237277001,0.005258159,0.014278138,0.07997378
0.169213353,-0.031825596,-0.237842072,0.00543876,0.01429526,0.0802022
0.203093011,-0.030557418,-0.238407142,0.005619361,0.014312383,0.080430619
0.236972669,-0.029289241,-0.238972213,0.005799962,0.014329505,0.080659039
0.270852327,-0.028021064,-0.239537284,0.005980562,0.014346628,0.080887459
0.281981135,-0.021213357,-0.239656242,0.003461296,0.014459686,0.081251069
0.293109943,-0.014405651,-0.239775201,0.00094203,0.014572744,0.081614678
0.304238752,-0.007597945,-0.239894159,-0.001577236,0.014685802,0.081978288
0.31536756,-0.000790239,-0.240013118,-0.004096502,0.01479886,0.082341897
0.326496368,0.006017467,-0.240132076,-0.006615768,0.014911919,0.082705506
0.337625176,0.012825173,-0.240251034,-0.009135034,0.015024977,0.083069116
0.351903715,0.020478385,-0.239415861,-0.007361633,0.015062216,0.083346015
0.366182255,0.028131596,-0.238580687,-0.005588233,0.015099455,0.083622913
0.380460794,0.035784807,-0.237745513,-0.003814832,0.015136694,0.083899812
0.394739334,0.043438018,-0.236910339,-0.002041432,0.015173934,0.084176711
0.409017874,0.05109123,-0.236075165,-0.000268031,0.015211173,0.084453609
0.423296413,0.058744441,-0.235239991,0.001505369,0.015248412,0.084730508
0.437574953,0.066397652,-0.234404817,0.00327877,0.015285651,0.085007407
0.456215605,0.077161603,-0.23213586,0.002493326,0.015209291,0.085328938
0.474856257,0.087925553,-0.229866902,0.001707883,0.015132931,0.085650469
0.49349691,0.098689504,-0.227597944,0.000922439,0.015056571,0.085972
0.512137562,0.109453455,-0.225328987,0.000136995,0.014980212,0.086293531
0.530778214,0.120217405,-0.223060029,-0.000648448,0.014903852,0.086615062
0.549418867,0.130981356,-0.220791072,-0.001433892,0.014827492,0.086936593
0.579733372,0.147390214,-0.21616877,-0.000680599,0.014931058,0.087325077
0.610047877,0.163799071,-0.211546469,7.27E-05,0.015034625,0.08771356
0.640362382,0.180207929,-0.206924167,0.000825986,0.015138192,0.088102044
0.670676887,0.196616787,-0.202301866,0.001579278,0.015241758,0.088490528
0.700991392,0.213025644,-0.197679564,0.00233257,0.015345325,0.088879012
0.722189466,0.225757432,-0.193357612,0.001326584,0.015361086,0.089132812
0.74338754,0.238489221,-0.189035659,0.000320598,0.015376848,0.089386612
0.764585614,0.251221009,-0.184713706,-0.000685388,0.015392609,0.089640412
0.785783688,0.263952797,-0.180391754,-0.001691374,0.01540837,0.089894213
0.806981762,0.276684585,-0.176069801,-0.00269736,0.015424132,0.090148013
0.828179836,0.289416373,-0.171747848,-0.003703346,0.015439893,0.090401813
0.840752218,0.305887009,-0.165041606,-0.004454992,0.015480326,0.090696808
0.853324601,0.322357646,-0.158335364,-0.005206637,0.01552076,0.090991804
0.865896983,0.338828283,-0.151629122,-0.005958283,0.015561193,0.091286799
0.878469365,0.355298919,-0.14492288,-0.006709929,0.015601627,0.091581794
0.891041747,0.371769556,-0.138216638,-0.007461575,0.01564206,0.091876789
0.903614129,0.388240193,-0.131510396,-0.008213221,0.015682493,0.092171784
0.916186512,0.404710829,-0.124804154,-0.008964866,0.015722927,0.092466779
0.945742798,0.430474949,-0.112544104,-0.007584318,0.015623713,0.092854342
0.975299084,0.456239069,-0.100284055,-0.00620377,0.0155245,0.093241905
1.004855371,0.482003188,-0.088024005,-0.004823221,0.015425286,0.093629467
1.034411657,0.507767308,-0.075763956,-0.003442673,0.015326073,0.09401703
1.063967943,0.533531427,-0.063503906,-0.002062124,0.01522686,0.094404593
